{
    "5fb1b862-7965-4d0f-a243-9a8272e28e0f": {
        "pre-b42video32": 0.6155849099159241,
        "pre-b42video6": 0.43726861476898193,
        "pre-b42video2": 0.4243197441101074,
        "pre-b42video12": 0.3666642904281616
    },
    "bbcdc963-b065-48a0-b0c6-9fac54abfb6b": {
        "pre-b42video26": 0.28281450271606445,
        "pre-b42video14": 0.2751512825489044,
        "pre-b42video10": 0.2694997191429138,
        "pre-b42video20": 0.2410883903503418
    },
    "2c6b3a81-3d8e-44ac-b35e-f2d337526c9a": {
        "pre-b42video21": 0.5028073191642761,
        "pre-b42video6": 0.5016664266586304,
        "pre-b42video15": 0.4949817657470703,
        "pre-b42video12": 0.49250757694244385
    },
    "5fce3e45-1fd8-423f-918c-ed314bece7df": {
        "pre-b42video11": 0.5414562225341797,
        "pre-b42video10": 0.48448508977890015,
        "pre-b42video34": 0.4262688159942627,
        "pre-b42video9": 0.4065133035182953
    },
    "0d14ef46-8463-4901-98e5-639c8d3f8d5e": {
        "pre-b42video10": 0.5460851192474365,
        "pre-b42video12": 0.4721975326538086,
        "pre-b42video4": 0.41449323296546936,
        "pre-b42video16": 0.41106754541397095
    },
    "d95cde78-1dbf-48f8-b51c-17dfc6ce09db": {
        "pre-b42video14": 0.4824677109718323,
        "pre-b42video20": 0.3341917097568512,
        "pre-b42video12": 0.3076915442943573,
        "pre-b42video10": 0.28986749053001404
    },
    "8f123a09-d173-47f3-a1d9-841c9e0798ce": {
        "pre-b42video18": 0.47057729959487915,
        "pre-b42video36": 0.4436424970626831,
        "pre-b42video13": 0.4001818895339966,
        "pre-b42video34": 0.3764050304889679
    },
    "e6eb2bc5-2b5a-43c7-ad23-28fe4dd28e88": {
        "pre-b42video36": 0.44894182682037354,
        "pre-b42video18": 0.4250223636627197,
        "pre-b42video19": 0.36773380637168884,
        "pre-b42video35": 0.32965219020843506
    },
    "fa845d01-d559-42e4-ba6f-3ac8cf19a179": {
        "pre-b42video10": 0.5104296803474426,
        "pre-b42video20": 0.40572574734687805,
        "pre-b42video9": 0.40451666712760925,
        "pre-b42video7": 0.31505489349365234
    },
    "e0f85280-6c1d-4ddd-85fd-15d6269ffbaa": {
        "pre-b42video4": 0.45360127091407776,
        "pre-b42video39": 0.3594392240047455,
        "pre-b42video12": 0.3420497179031372,
        "pre-b42video20": 0.3335150480270386
    },
    "b273458d-e596-4a35-8689-ff41e3851e39": {
        "pre-b42video27": 0.49069154262542725,
        "pre-b42video16": 0.34344351291656494,
        "pre-b42video26": 0.29279404878616333,
        "pre-b42video21": 0.22906023263931274
    },
    "74aaf248-daa8-437f-9eb8-b8fbf5068123": {
        "pre-b42video29": 0.5974929332733154,
        "pre-b42video21": 0.406887412071228,
        "pre-b42video30": 0.35653215646743774,
        "pre-b42video7": 0.3560163378715515
    }
}
